검토(O/X),claim문장,매칭표ID,매칭표명,verdict,기사
,코로나 시기였던 2020년 인구주택총조사의 최종 응답률은 96.3%였다.,,"기관명: 한국보건사회연구원

통계표명: 인구주택총조사 조사구의 표본조사구 추출

항목: 인구주택 총조사 조사구수, 가구수, 크기의 측도(MOS)",표매칭_불충분,[data_set.csv] 5년마다 돌아오는 인구조사... 호구조사 같지만 정책에 쓰인다
,전국에는 조사 요원이 총 3만명 정도다.,,"기관명: 행정안전부

통계표명: 시도별 필수실무요원(2004~2012)

항목: 인원수, 누적인원수

분류축: 기관별, 시도별

분류값: 계, ",표매칭_불충분,[data_set.csv] 5년마다 돌아오는 인구조사... 호구조사 같지만 정책에 쓰인다
,2005년 조사에서 15세 이상 기혼 여성 중 93%가 ‘추가 자녀 계획이 없다’고 답했다.,,"기관명: 국가데이터처

통계표명: 연령 및 추가계획자녀수별 기혼여성인구(15세 이상)-시도

항목: 기혼여성(15세 이상)-계, 추가 계획 자녀",표매칭_불충분,[data_set.csv] 5년마다 돌아오는 인구조사... 호구조사 같지만 정책에 쓰인다
